-- phpMyAdmin SQL Dump
-- version 4.2.7.1
-- http://www.phpmyadmin.net
--
-- Počítač: 127.0.0.1
-- Vytvořeno: Stř 10. pro 2014, 16:56
-- Verze serveru: 5.6.20
-- Verze PHP: 5.5.15

SET SQL_MODE = "NO_AUTO_VALUE_ON_ZERO";
SET time_zone = "+00:00";


/*!40101 SET @OLD_CHARACTER_SET_CLIENT=@@CHARACTER_SET_CLIENT */;
/*!40101 SET @OLD_CHARACTER_SET_RESULTS=@@CHARACTER_SET_RESULTS */;
/*!40101 SET @OLD_COLLATION_CONNECTION=@@COLLATION_CONNECTION */;
/*!40101 SET NAMES utf8 */;

--
-- Databáze: `nba`
--

--
-- Vypisuji data pro tabulku `hrac`
--

INSERT INTO `hrac` (`id_hrac`, `jmeno`, `prijmeni`, `cislo`, `pozice`, `datum_narozeni`, `vyska`, `vaha`, `draft_tym`, `draft_rok`, `draft_kolo`, `draft_pozice`, `univerzita`) VALUES
(1, 'Jeff', 'Teague', 0, 'PG', '1988-06-10', '1.88', '81.6', 1, 2009, 1, 19, 'Wake Forest'),
(2, 'Kyle', 'Korver', 26, 'GF', '1981-03-17', '2.01', '96.2', 3, 2003, 2, 51, 'Creighton'),
(3, 'DeMarre', 'Carroll', 5, 'SF', '1986-07-27', '2.03', '96.2', 15, 2009, 1, 27, 'Missouri'),
(4, 'Paula', 'Millsap', 4, 'PF', '1985-02-10', '2.03', '113.4', 29, 2006, 2, 47, 'Louisiana Tech'),
(5, 'Al', 'Horford', 15, 'FC', '1986-06-03', '2.08', '111.1', 1, 2007, 1, 3, 'Florida'),
(6, 'Rajon', 'Rondo', 9, 'PG', '1986-02-22', '1.85', '77.6', 24, 2006, 1, 21, 'Kentucky'),
(7, 'Avery', 'Bradley', 0, 'PG', '1990-11-26', '1.88', '81.6', 2, 2010, 1, 19, 'Texas'),
(8, 'Jeff', 'Green', 8, 'SF', '1986-08-28', '2.06', '106.6', 2, 2007, 1, 5, 'Georgetown, D.C.'),
(9, 'Jared', 'Sullinger', 7, 'PF', '1992-03-04', '2.06', '117.9', 2, 2012, 1, 21, 'Ohio State'),
(10, 'Kelly', 'Olynyk', 41, 'FC', '1991-04-19', '2.13', '108.0', 2, 2013, 1, 13, 'Gonzaga'),
(11, 'Deron', 'Williams', 8, 'PG', '1984-06-26', '1.91', '93.9', 29, 2005, 1, 3, 'Illinois'),
(12, 'Bojan', 'Bogdanovic', 44, 'SF', '1989-04-18', '2.03', '98.0', 16, 2011, 2, 31, 'Bosna a Hercegovina'),
(13, 'Joe', 'Johnson', 7, 'SG', '1981-06-29', '2.01', '108.9', 2, 2001, 1, 10, 'Arkansas'),
(14, 'Kevin', 'Garnett', 2, 'FC', '1976-05-19', '2.11', '114.8', 18, 1995, 1, 5, 'Illinois'),
(15, 'Brook', 'Lopez', 11, 'C', '1988-04-01', '2.13', '120.2', 3, 2008, 1, 10, 'Stanford'),
(16, 'Kyrie', 'Irving', 2, 'PG', '1992-03-23', '1.91', '86.6', 4, 2011, 1, 1, 'Duke'),
(17, 'Dion', 'Waiters', 3, 'SG', '1991-12-10', '1.93', '97.5', 4, 2012, 1, 4, 'Syracuse'),
(18, 'LeBron', 'James', 23, 'SF', '1984-12-30', '2.03', '113.4', 4, 2003, 1, 1, 'Ohio'),
(19, 'Kevin', 'Love', 0, 'FC', '1988-09-07', '2.08', '117.9', 15, 2008, 1, 5, 'UCLA'),
(20, 'Anderson', 'Varejao', 17, 'FC', '1982-09-28', '2.11', '117.9', 22, 2004, 2, 30, 'Brazílie'),
(21, 'Jameer', 'Nelson', 14, 'PG', '1982-02-09', '1.83', '86.2', 6, 2004, 1, 20, 'St. Josephs, PA'),
(22, 'Monta', 'Ellis', 11, 'SG', '1985-10-26', '1.91', '81.6', 8, 2005, 2, 40, 'Mississippi'),
(23, 'Chandler', 'Parsons', 25, 'SF', '1988-10-25', '2.06', '90.7', 13, 2011, 2, 38, 'Florida'),
(24, 'Dirk', 'Nowitzki', 41, 'PF', '1978-06-19', '2.13', '111.1', 17, 1998, 1, 9, 'Německo'),
(25, 'Tyson', 'Chandler', 6, 'C', '1982-10-02', '2.16', '106.6', 13, 2001, 1, 2, 'Dominguez HS (CA)'),
(26, 'Ty', 'Lawson', 3, 'PG', '1987-11-03', '1.80', '88.5', 18, 2009, 1, 18, 'North Carolina'),
(27, 'Arron', 'Afflalo', 10, 'GF', '1985-10-15', '1.96', '97.5', 7, 2007, 1, 27, 'UCLA'),
(28, 'Wilson', 'Chandler', 21, 'GF', '1987-05-10', '2.03', '102.1', 20, 2007, 1, 23, 'DePaul'),
(29, 'Kenneth', 'Faried', 35, 'PF', '1989-11-19', '2.03', '103.4', 6, 2011, 1, 22, 'Morehead State'),
(30, 'JaVale', 'McGee', 34, 'C', '1988-01-19', '2.13', '114.3', 30, 2008, 1, 18, 'Nevada-Reno'),
(31, 'Brandon', 'Jennings', 7, 'PG', '1989-09-23', '1.85', '76.7', 17, 2009, 1, 10, 'Oak Hill Academy'),
(32, 'Kentavious', 'Caldwell-Pope', 5, 'SG', '1993-02-18', '1.96', '93.0', 7, 2013, 1, 8, 'Georgia'),
(33, 'Josh', 'Smith', 6, 'SF', '1985-12-05', '2.06', '108.9', 1, 2004, 1, 17, 'Virginia'),
(34, 'Greg', 'Monroe', 10, 'FC', '1990-06-04', '2.11', '113.4', 7, 2010, 1, 7, 'Georgetown, D.C.'),
(35, 'Andre', 'Drummond', 0, 'C', '1993-08-10', '2.08', '122.5', 7, 2012, 1, 9, 'Connecticut'),
(36, 'Stephen', 'Curry', 30, 'PG', '1988-03-14', '1.91', '83.9', 8, 2009, 1, 7, 'Davidson'),
(37, 'Klay', 'Thompson', 11, 'GF', '1990-02-08', '2.01', '93.0', 8, 2011, 1, 11, 'Washington State'),
(38, 'Andre', 'Iguodala', 9, 'GF', '1984-01-28', '1.98', '93.9', 23, 2004, 1, 9, 'Arizona'),
(39, 'David', 'Lee', 10, 'FC', '1983-04-29', '2.06', '113.4', 20, 2005, 1, 30, 'Florida'),
(40, 'Andrew', 'Bogut', 12, 'C', '1984-11-28', '2.13', '117.9', 17, 2005, 1, 1, 'Utah'),
(41, 'Patrick', 'Beverley', 2, 'PG', '1988-07-12', '1.85', '82.1', 14, 2009, 2, 42, 'Arkansas'),
(42, 'James', 'Harden', 13, 'GF', '1989-08-26', '1.96', '99.8', 21, 2009, 1, 3, 'Arizona State'),
(43, 'Trevor', 'Ariza', 1, 'GF', '1985-06-30', '2.03', '95.3', 20, 2004, 2, 43, 'UCLA'),
(44, 'Terrence', 'Jones', 6, 'SF', '1992-01-09', '2.06', '114.3', 9, 2012, 1, 18, 'Kentucky'),
(45, 'Dwight', 'Howard', 12, 'C', '1985-12-08', '2.11', '120.2', 22, 2004, 1, 1, 'Southwest Atlanta'),
(46, 'Kemba', 'Walker', 15, 'PG', '1990-05-08', '1.85', '78.0', 10, 2011, 1, 9, 'Connecticut'),
(47, 'Lance', 'Stephenson', 1, 'SG', '1990-09-05', '1.96', '95.3', 12, 2010, 2, 40, 'Cincinnati'),
(48, 'Gerald', 'Henderson', 9, 'SG', '1987-12-09', '1.96', '97.5', 10, 2009, 1, 12, 'Duke'),
(49, 'Marvin', 'Williams', 2, 'SF', '1986-06-19', '2.06', '108.9', 1, 2005, 1, 2, 'North Carolina'),
(50, 'Al', 'Jefferson', 25, 'FC', '1985-01-04', '2.08', '120.2', 2, 2004, 1, 15, 'Mississippi'),
(51, 'Derrick', 'Rose', 1, 'PG', '1988-10-04', '1.91', '86.2', 11, 2008, 1, 1, 'Memphis'),
(52, 'Jimmy', 'Butler', 21, 'GF', '1989-09-14', '2.01', '99.8', 11, 2011, 1, 30, 'Marquette'),
(53, 'Mike', 'Dunleavy', 34, 'GF', '1980-09-15', '2.06', '104.3', 8, 2002, 1, 3, 'Duke'),
(54, 'Pau', 'Gasol', 16, 'FC', '1980-07-06', '2.13', '113.4', 1, 2001, 1, 3, 'Španělsko'),
(55, 'Joakim', 'Noah', 13, 'FC', '1985-02-25', '2.11', '105.2', 11, 2007, 1, 9, 'Florida'),
(56, 'George', 'Hill', 3, 'PG', '1986-05-04', '1.88', '81.6', 27, 2008, 1, 26, 'IUPUI'),
(57, 'Rodney', 'Stuckey', 2, 'SG', '1986-04-21', '1.96', '93.0', 7, 2007, 1, 15, 'Eastern Washington'),
(58, 'Paul', 'George', 13, 'GF', '1990-05-02', '2.03', '95.3', 12, 2010, 1, 10, 'Fresno State'),
(59, 'David', 'West', 21, 'PF', '1980-08-29', '2.06', '108.9', 19, 2003, 1, 18, 'Xavier'),
(60, 'Roy', 'Hibbert', 55, 'C', '1986-12-11', '2.18', '126.1', 28, 2008, 1, 17, 'Georgetown, D.C.'),
(61, 'Chris', 'Paul', 3, 'PG', '1985-05-06', '1.83', '79.4', 19, 2005, 1, 4, 'Wake Forest'),
(62, 'J.J.', 'Redick', 4, 'SG', '1984-06-24', '1.93', '86.2', 22, 2006, 1, 11, 'Duke'),
(63, 'Jamal', 'Crawford', 11, 'SG', '1980-03-20', '1.96', '90.7', 4, 2000, 1, 8, 'Michigan'),
(64, 'Blake', 'Griffin', 32, 'PF', '1989-03-16', '2.08', '113.9', 13, 2009, 1, 1, 'Oklahoma'),
(65, 'DeAndre', 'Jordan', 6, 'C', '1988-07-21', '2.11', '113.4', 13, 2008, 2, 35, 'Texas A&M'),
(66, 'Kobe', 'Bryant', 24, 'SG', '1978-08-23', '1.98', '93.0', 19, 1996, 1, 13, 'Pennsylvania'),
(67, 'Nick', 'Young', 0, 'GF', '1985-06-01', '1.98', '90.7', 15, 2009, 2, 36, 'USC'),
(68, 'Wesley', 'Johnson', 11, 'GF', '1987-07-11', '2.01', '93.0', 18, 2010, 1, 4, 'Syracuse'),
(69, 'Carlos', 'Boozer', 5, 'PF', '1981-11-20', '2.06', '120.7', 4, 2002, 2, 34, 'Duke'),
(70, 'Jordan', 'Hill', 27, 'FC', '1987-07-27', '2.08', '106.6', 20, 2009, 1, 8, 'Arizona'),
(71, 'Mike', 'Conley', 11, 'PG', '1987-10-11', '1.85', '83.9', 15, 2007, 1, 4, 'Ohio State'),
(72, 'Courtney', 'Lee', 5, 'GF', '1985-10-03', '1.96', '90.7', 22, 2008, 1, 22, 'Western Kentucky'),
(73, 'Tony', 'Allen', 9, 'GF', '1982-01-11', '1.93', '96.6', 2, 2004, 1, 25, 'Oklahoma State'),
(74, 'Zach', 'Randolph', 50, 'PF', '1981-07-16', '2.06', '117.9', 25, 2001, 1, 19, 'Michigan State'),
(75, 'Marc', 'Gasol', 33, 'C', '1985-01-29', '2.16', '120.2', 14, 2007, 2, 48, 'Španělsko'),
(76, 'Norris', 'Cole', 30, 'PG', '1988-10-13', '1.88', '77.1', 11, 2011, 1, 28, 'Cleveland State'),
(77, 'Dwyane', 'Wade', 3, 'SG', '1982-01-17', '1.93', '99.8', 16, 2003, 1, 5, 'Marquette'),
(78, 'Danny', 'Granger', 22, 'SF', '1983-04-20', '2.03', '103.4', 12, 2005, 1, 17, 'New Mexico'),
(79, 'Luol', 'Deng', 9, 'SF', '1985-04-16', '2.06', '99.8', 24, 2004, 1, 7, 'Duke'),
(80, 'Chris', 'Bosh', 1, 'FC', '1984-03-24', '2.11', '104.3', 28, 2003, 1, 4, 'Georgia Tech'),
(81, 'Brandon', 'Knight', 11, 'G', '1991-12-02', '1.91', '85.7', 7, 2011, 1, 8, 'Kentucky'),
(82, 'O.J.', 'Mayo', 0, 'SG', '1987-11-05', '1.93', '95.3', 18, 2008, 1, 3, 'USC'),
(83, 'Jabari', 'Parker', 12, 'F', '1995-03-15', '2.03', '106.6', 17, 2014, 1, 2, 'Duke'),
(84, 'Giannis', 'Antetokounmpo', 34, 'GF', '1994-12-16', '2.06', '93.0', 17, 2013, 1, 15, 'Řecko'),
(85, 'Larry', 'Sanders', 8, 'FC', '1988-11-21', '2.11', '106.6', 17, 2010, 1, 15, 'Va Commonwealth'),
(86, 'Ricky', 'Rubio', 9, 'PG', '1990-10-21', '1,93', '81,6', 18, 2009, 1, 5, 'Španělsko'),
(87, 'Kevin', 'Martin', 23, 'SG', '1983-02-01', '2.01', '83.9', 26, 2004, 1, 26, 'Western Carolina'),
(88, 'Andrew', 'Wiggins', 22, 'GF', '1995-02-23', '2.03', '90.3', 4, 2014, 1, 1, 'Kansas'),
(89, 'Thaddeus', 'Young', 33, 'PF', '1988-06-21', '2.03', '99.8', 23, 2007, 1, 12, 'Georgia Tech'),
(90, 'Nikola', 'Pekovic', 14, 'C', '1986-01-03', '2.11', '110.2', 18, 2008, 2, 1, 'Černá hora'),
(91, 'Jrue', 'Holiday', 11, 'PG', '1990-06-12', '1.93', '81.6', 23, 2009, 1, 17, 'UCLA'),
(92, 'Tyreke', 'Evans', 1, 'GF', '1989-09-19', '1.98', '99.8', 26, 2009, 1, 4, 'Memphis'),
(93, 'Ryan', 'Anderson', 33, 'PF', '1988-05-06', '2.08', '108.9', 3, 2008, 1, 21, 'California'),
(94, 'Anthony', 'Davis', 23, 'PF', '1993-03-11', '2.08', '99.8', 19, 2012, 1, 1, 'Kentucky'),
(95, 'Omer', 'Asik', 3, 'C', '1986-07-04', '2.13', '115.7', 25, 2008, 2, 36, 'Turecko'),
(96, 'Shane', 'Larkin', 0, 'PG', '1992-10-02', '1.80', '79.8', 5, 2013, 1, 18, 'Miami (Florida)'),
(97, 'Iman', 'Shumpert', 21, 'GF', '1990-06-26', '1.96', '99.8', 20, 2011, 1, 17, 'Georgia Tech'),
(98, 'Carmelo', 'Anthony', 7, 'PF', '1984-05-29', '2.03', '104.3', 6, 2003, 1, 3, 'Syracuse'),
(99, 'Amare', 'Stoudemire', 1, 'FC', '1982-11-16', '2.11', '111.1', 24, 2002, 1, 9, 'Orlando (Florida)'),
(100, 'Samuel', 'Dalembert', 11, 'C', '1981-05-10', '2.11', '113.4', 23, 2001, 1, 26, 'Seton Hall'),
(101, 'Russell', 'Westbrook', 0, 'PG', '1988-11-12', '1.91', '84.8', 21, 2008, 1, 4, 'UCLA'),
(102, 'Reggie', 'Jackson', 15, 'PG', '1990-04-16', '1.91', '94.3', 21, 2011, 1, 24, 'Boston College'),
(103, 'Kevin', 'Durant', 35, 'SF', '1988-09-29', '2.06', '104.3', 21, 2007, 1, 2, 'Texas'),
(104, 'Serge', 'Ibaka', 9, 'PF', '1989-09-18', '2.08', '106.6', 21, 2008, 1, 24, 'Španělsko'),
(105, 'Nick', 'Collison', 4, 'FC', '1980-10-26', '2.08', '115.7', 21, 2003, 1, 12, 'Kansas'),
(106, 'Victor', 'Oladipo', 5, 'G', '1992-05-04', '1.93', '97.5', 22, 2013, 1, 2, 'Indiana'),
(107, 'Evan', 'Fournier', 10, 'SG', '1992-10-29', '1.98', '90.7', 6, 2012, 1, 20, 'Francie'),
(108, 'Tobias', 'Harris', 12, 'F', '1992-07-15', '2.03', '102.5', 19, 2011, 1, 19, 'Tennessee'),
(109, 'Channing', 'Frye', 8, 'FC', '1983-05-17', '2.11', '111.1', 20, 2005, 1, 8, 'Arizona'),
(110, 'Nikola', 'Vucevic', 9, 'C', '1990-10-24', '2.13', '108.9', 23, 2011, 1, 16, 'USC'),
(111, 'Michael', 'Carter-Williams', 1, 'PG', '1991-10-10', '1.98', '83.9', 23, 2013, 1, 11, 'Syracuse'),
(112, 'Tony', 'Wroten', 8, 'PG', '1993-04-13', '1.98', '94.3', 15, 2012, 1, 25, 'Washington'),
(113, 'Jason', 'Richardson', 23, 'GF', '1981-01-20', '1.98', '102.1', 8, 2001, 1, 5, 'Michigan State'),
(114, 'Luc', 'Mbah a Moute', 12, 'SF', '1986-09-09', '2.03', '104.3', 17, 2008, 2, 7, 'UCLA'),
(115, 'Nerlens', 'Noel', 4, 'FC', '1994-04-10', '2.11', '103.4', 23, 2013, 1, 6, 'Kentucky'),
(116, 'Eric', 'Bledsoe', 2, 'G', '1989-12-09', '1.85', '86.2', 21, 2010, 1, 18, 'Kentucky'),
(117, 'Goran', 'Dragic', 1, 'PG', '1986-05-06', '1.91', '86.2', 27, 2008, 2, 45, 'Slovinsko'),
(118, 'Gerald', 'Green', 14, 'GF', '1986-01-26', '2,03', '90,7', 2, 2005, 1, 18, 'Houston'),
(119, 'Markieff', 'Morris', 11, 'PF', '1989-09-02', '2.08', '111.1', 24, 2011, 1, 13, 'Kansas'),
(120, 'Miles', 'Plumlee', 22, 'C', '1988-09-01', '2.11', '115.7', 12, 2012, 1, 26, 'Duke'),
(121, 'Damian', 'Lillard', 0, 'PG', '1990-07-15', '1.91', '88.5', 25, 2012, 1, 6, 'Weber State'),
(122, 'C.J.', 'McCollum', 3, 'SG', '1991-09-19', '1.93', '90.7', 25, 2013, 1, 10, 'Lehigh'),
(123, 'Nicolas', 'Batum', 88, 'SF', '1988-12-14', '2.03', '90.7', 9, 2008, 1, 25, 'Francie'),
(124, 'LaMarcus', 'Aldridge', 12, 'PF', '1985-07-19', '2.11', '108.9', 11, 2006, 1, 2, 'Texas'),
(125, 'Robin', 'Lopez', 42, 'C', '1988-04-01', '2.13', '115.7', 24, 2008, 1, 15, 'Stanford'),
(126, 'Darren', 'Collison', 7, 'PG', '1987-08-23', '1.83', '72.6', 19, 2009, 1, 21, 'UCLA'),
(127, 'Ben', 'McLemore', 16, 'SG', '1993-02-11', '1.96', '88.5', 26, 2013, 1, 7, 'Kansas'),
(128, 'Rudy', 'Gay', 8, 'SF', '1986-08-17', '2.03', '104.3', 9, 2006, 1, 8, 'Connecticut'),
(129, 'Jason', 'Thompson', 34, 'PF', '1986-07-21', '2.11', '113.4', 26, 2008, 1, 12, 'Rider University'),
(130, 'DeMarcus', 'Cousins', 15, 'FC', '1990-08-13', '2.11', '122.5', 26, 2010, 1, 5, 'Kentucky'),
(131, 'Tony', 'Parker', 9, 'PG', '1982-05-17', '1.88', '81.6', 27, 2001, 1, 28, 'Francie'),
(132, 'Marco', 'Belinelli', 3, 'SG', '1986-03-25', '1.96', '90.7', 8, 2007, 1, 18, 'Itálie'),
(133, 'Kawhi', 'Leonard', 2, 'SF', '1991-06-29', '2.01', '102.1', 12, 2011, 1, 15, 'San Diego State'),
(134, 'Tim', 'Duncan', 21, 'PF', '1976-04-25', '2.11', '117.9', 27, 1997, 1, 1, 'Wake Forest'),
(135, 'Tiago', 'Splitter', 22, 'C', '1985-01-01', '2.11', '105.2', 27, 2007, 1, 28, 'Brazílie'),
(136, 'Kyle', 'Lowry', 7, 'PG', '1986-03-25', '1.83', '93.0', 15, 2006, 1, 24, 'Villanova'),
(137, 'DeMar', 'DeRozan', 10, 'GF', '1989-08-07', '2,01', '99,8', 28, 2009, 1, 9, 'USC'),
(138, 'Terrence', 'Ross', 31, 'SG', '1991-02-05', '1.98', '88.5', 28, 2012, 1, 8, 'Washington'),
(139, 'Amir', 'Johnson', 15, 'PF', '1987-05-01', '2.06', '95.3', 7, 2005, 2, 56, 'Los Angeles'),
(140, 'Jonas', 'Valanciunas', 17, 'C', '1992-05-06', '2.11', '104.8', 28, 2011, 1, 5, 'Litva'),
(141, 'Trey', 'Burke', 3, 'PG', '1992-11-12', '1.85', '86.2', 29, 2013, 1, 9, 'Michigan'),
(142, 'Alec', 'Burks', 10, 'SG', '1991-07-20', '1.98', '91.6', 29, 2011, 1, 12, 'Colorado'),
(143, 'Gordon', 'Hayward', 20, 'GF', '1990-03-23', '2.06', '93.9', 29, 2010, 1, 9, 'Butler'),
(144, 'Derrick', 'Favors', 15, 'FC', '1991-07-15', '2.08', '111.6', 3, 2010, 1, 3, 'Georgia Tech'),
(145, 'Enes', 'Kanter', 0, 'C', '1992-05-20', '2.11', '121.1', 29, 2011, 1, 3, 'Kentucky'),
(146, 'John', 'Wall', 2, 'PG', '1990-09-06', '1.93', '88.5', 30, 2010, 1, 1, 'Kentucky'),
(147, 'Bradley', 'Beal', 3, 'SG', '1993-06-28', '1.91', '93.9', 30, 2012, 1, 3, 'Florida'),
(148, 'Paul', 'Pierce', 34, 'SF', '1977-10-13', '2.01', '106.6', 2, 1998, 1, 10, 'Kansas'),
(149, 'Nene', 'Hilario', 42, 'FC', '1982-09-13', '2.11', '113.4', 20, 2002, 1, 7, 'Brazílie'),
(150, 'Marcin', 'Gortat', 4, 'C', '1984-02-17', '2.11', '108.9', 24, 2005, 2, 27, 'Polsko');

--
-- Vypisuji data pro tabulku `prestup`
--

INSERT INTO `prestup` (`id_prestup`, `hrac`, `tym`, `sezona`, `aktualni`) VALUES
(1, 1, 1, '2009/2010', 1),
(2, 2, 1, '2012/2013', 1),
(3, 3, 1, '2013/2014', 1),
(4, 4, 1, '2013/2014', 1),
(5, 5, 1, '2007/2008', 1),
(6, 6, 2, '2006/2007', 1),
(7, 7, 2, '2010/2011', 1),
(8, 8, 2, '2010/2011', 1),
(9, 9, 2, '2012/2013', 1),
(10, 10, 2, '2013/2014', 1),
(11, 11, 3, '2012/2013', 1),
(12, 12, 3, '2014/2015', 1),
(13, 13, 3, '2012/2013', 1),
(14, 14, 3, '2013/2014', 1),
(15, 15, 3, '2012/2013', 1),
(16, 16, 4, '2011/2012', 1),
(17, 17, 4, '2012/2013', 1),
(18, 18, 4, '2014/2015', 1),
(19, 19, 4, '2014/2015', 1),
(20, 20, 4, '2004/2005', 1),
(21, 21, 5, '2014/2015', 1),
(22, 22, 5, '2013/2014', 1),
(23, 23, 5, '2014/2015', 1),
(24, 24, 5, '1998/1999', 1),
(25, 25, 5, '2014/2015', 1),
(26, 26, 6, '2009/2010', 1),
(27, 27, 6, '2014/2015', 1),
(28, 28, 6, '2010/2011', 1),
(29, 29, 6, '2011/2012', 1),
(30, 30, 6, '2011/2012', 1),
(31, 31, 7, '2013/2014', 1),
(32, 32, 7, '2013/2014', 1),
(33, 33, 7, '2013/2014', 1),
(34, 34, 7, '2010/2011', 1),
(35, 35, 7, '2012/2013', 1),
(36, 36, 8, '2009/2010', 1),
(37, 37, 8, '2011/2012', 1),
(38, 38, 8, '2013/2014', 1),
(39, 39, 8, '2010/2011', 1),
(40, 40, 8, '2012/2013', 1),
(41, 41, 9, '2012/2013', 1),
(42, 42, 9, '2012/2013', 1),
(43, 43, 9, '2014/2015', 1),
(44, 44, 9, '2012/2013', 1),
(45, 45, 9, '2013/2014', 1),
(46, 46, 10, '2011/2012', 1),
(47, 47, 10, '2014/2015', 1),
(48, 48, 10, '2009/2010', 1),
(49, 49, 10, '2014/2015', 1),
(50, 50, 10, '2013/2014', 1),
(51, 51, 11, '2008/2009', 1),
(52, 52, 11, '2011/2012', 1),
(53, 53, 11, '2013/2014', 1),
(54, 54, 11, '2014/2015', 1),
(55, 55, 11, '2007/2008', 1),
(56, 56, 12, '2011/2012', 1),
(57, 57, 12, '2014/2015', 1),
(58, 58, 12, '2010/2011', 1),
(59, 59, 12, '2011/2012', 1),
(60, 60, 12, '2008/2009', 1),
(61, 61, 13, '2011/2012', 1),
(62, 62, 13, '2013/2014', 1),
(63, 63, 13, '2012/2013', 1),
(64, 64, 13, '2010/2011', 1),
(65, 65, 13, '2008/2009', 1),
(66, 66, 14, '1996/1997', 1),
(67, 67, 14, '2014/2015', 1),
(68, 68, 14, '2013/2014', 1),
(69, 69, 14, '2014/2015', 1),
(70, 70, 14, '2011/2012', 1),
(71, 71, 15, '2007/2008', 1),
(72, 72, 15, '2013/2014', 1),
(73, 73, 15, '2010/2011', 1),
(74, 74, 15, '2009/2010', 1),
(75, 75, 15, '2008/2009', 1),
(76, 76, 16, '2011/2012', 1),
(77, 77, 16, '2003/2004', 1),
(78, 78, 16, '2014/2015', 1),
(79, 79, 16, '2014/2015', 1),
(80, 80, 16, '2010/2011', 1),
(81, 81, 17, '2013/2014', 1),
(82, 82, 17, '2013/2014', 1),
(83, 83, 17, '2014/2015', 1),
(84, 84, 17, '2013/2014', 1),
(85, 85, 17, '2010/2011', 1),
(86, 86, 18, '2011/2012', 1),
(87, 87, 18, '2013/2014', 1),
(88, 88, 18, '2014/2015', 1),
(89, 89, 18, '2014/2015', 1),
(90, 90, 18, '2010/2011', 1),
(91, 91, 19, '2013/2014', 1),
(92, 92, 19, '2013/2014', 1),
(93, 93, 19, '2012/2013', 1),
(94, 94, 19, '2012/2013', 1),
(95, 95, 19, '2014/2015', 1),
(96, 96, 20, '2014/2015', 1),
(97, 97, 20, '2011/2012', 1),
(98, 98, 20, '2010/2011', 1),
(99, 99, 20, '2010/2011', 1),
(100, 100, 20, '2014/2015', 1),
(101, 101, 21, '2008/2009', 1),
(102, 102, 21, '2011/2012', 1),
(103, 103, 21, '2007/2008', 1),
(104, 104, 21, '2009/2010', 1),
(105, 105, 21, '2004/2005', 1),
(106, 106, 22, '2013/2014', 1),
(107, 107, 22, '2014/2015', 1),
(108, 108, 22, '2012/2013', 1),
(109, 109, 22, '2014/2015', 1),
(110, 110, 22, '2012/2013', 1),
(111, 111, 23, '2013/2014', 1),
(112, 112, 23, '2013/2014', 1),
(113, 113, 23, '2012/2013', 1),
(114, 114, 23, '2014/2015', 1),
(115, 115, 23, '2013/2014', 1),
(116, 116, 24, '2013/2014', 1),
(117, 117, 24, '2012/2013', 1),
(118, 118, 24, '2013/2014', 1),
(119, 119, 24, '2011/2012', 1),
(120, 120, 24, '2013/2014', 1),
(121, 121, 25, '2012/2013', 1),
(122, 122, 25, '2013/2014', 1),
(123, 123, 25, '2008/2009', 1),
(124, 124, 25, '2006/2007', 1),
(125, 125, 25, '2013/2014', 1),
(126, 126, 26, '2014/2015', 1),
(127, 127, 26, '2013/2014', 1),
(128, 128, 26, '2013/2014', 1),
(129, 129, 26, '2008/2009', 1),
(130, 130, 26, '2010/2011', 1),
(131, 131, 27, '2001/2002', 1),
(132, 132, 27, '2013/2014', 1),
(133, 133, 27, '2011/2012', 1),
(134, 134, 27, '1997/1998', 1),
(135, 135, 27, '2010/2011', 1),
(136, 136, 28, '2012/2013', 1),
(137, 137, 28, '2009/2010', 1),
(138, 138, 28, '2012/2013', 1),
(139, 139, 28, '2009/2010', 1),
(140, 140, 28, '2012/2013', 1),
(141, 141, 29, '2013/2014', 1),
(142, 142, 29, '2011/2012', 1),
(143, 143, 29, '2010/2011', 1),
(144, 144, 29, '2010/2011', 1),
(145, 145, 29, '2011/2012', 1),
(146, 146, 30, '2010/2011', 1),
(147, 147, 30, '2012/2013', 1),
(148, 148, 30, '2014/2015', 1),
(149, 149, 30, '2011/2012', 1),
(150, 150, 30, '2013/2014', 1);

--
-- Vypisuji data pro tabulku `tym`
--

INSERT INTO `tym` (`id_tym`, `mesto`, `nazev`, `rok_zalozeni`, `stadion`, `kapacita`, `trener`, `web`, `konference`, `divize`) VALUES
(1, 'Atlanta', 'Hawks', 1946, 'Philips Arena', 18729, 'Mike Budenholzer', 'http://www.nba.com/hawks/', 'Východní', 'Jihovýchodní'),
(2, 'Boston', 'Celtics', 1946, 'TD Garden', 18624, 'Brad Stevens', 'http://www.nba.com/celtics/', 'Východní', 'Atlantická'),
(3, 'Brooklyn', 'Nets', 1967, 'Barclays Center', 18103, 'Lionel Hollins', 'http://www.nba.com/nets/', 'Východní', 'Atlantická'),
(4, 'Cleveland', 'Cavaliers', 1970, 'Quicken Loans Arena', 20562, 'David Blatt', 'http://www.nba.com/cavaliers/', 'Východní', 'Centrální'),
(5, 'Dallas', 'Mavericks', 1980, 'American Airlines Center', 21041, 'Rick Carlisle', 'http://www.nba.com/mavericks/', 'Západní', 'Jihozápadní'),
(6, 'Denver', 'Nuggets', 1967, 'Pepsi Center', 19099, 'Brian Shaw', 'http://www.nba.com/nuggets/', 'Západní', 'Severozápadní'),
(7, 'Detroit', 'Pistons', 1941, 'The Palace of Auburn Hills', 22076, 'Stan Van Gundy', 'http://www.nba.com/pistons/', 'Východní', 'Centrální'),
(8, 'Golden State', 'Warriors', 1946, 'Oracle Arena', 19596, 'Steve Kerr', 'http://www.nba.com/warriors/', 'Západní', 'Pacifická'),
(9, 'Houston', 'Rockets', 1967, 'Toyota Center', 18300, 'Kevin McHale', 'http://www.nba.com/rockets/', 'Západní', 'Jihozápadní'),
(10, 'Charlotte', 'Hornets', 2004, 'Time Warner Cable Arena', 19026, 'Steve Clifford', 'http://www.nba.com/hornets/', 'Východní', 'Jihovýchodní'),
(11, 'Chicago', 'Bulls', 1966, 'United Center', 21711, 'Tom Thibodeau', 'http://www.nba.com/bulls/', 'Východní', 'Centrální'),
(12, 'Indiana', 'Pacers', 1967, 'Bankers Life Fieldhouse', 18345, 'Frank Vogel', 'http://www.nba.com/pacers/', 'Východní', 'Centrální'),
(13, 'Los Angeles', 'Clippers', 1970, 'Staples Center', 18997, 'Doc Rivers', 'http://www.nba.com/clippers/', 'Západní', 'Pacifická'),
(14, 'Los Angeles', 'Lakers', 1947, 'Staples Center', 18997, 'Byron Scott', 'http://www.nba.com/lakers/', 'Západní', 'Pacifická'),
(15, 'Memphis', 'Grizzlies', 1995, 'FedExForum', 21165, 'Dave Joerger', 'http://www.nba.com/grizzlies/', 'Západní', 'Jihozápadní'),
(16, 'Miami', 'Heat', 1988, 'AmericanAirlines Arena', 19600, 'Eric Spoelstra', 'http://www.nba.com/heat/', 'Východní', 'Jihovýchodní'),
(17, 'Milwaukee', 'Bucks', 1968, 'Bradley Center', 18717, 'Jason Kidd', 'http://www.nba.com/bucks/', 'Východní', 'Centrální'),
(18, 'Minnesota', 'Timberwolves', 1989, 'Target Center', 20500, 'Flip Saunders', 'http://www.nba.com/timberwolves/', 'Západní', 'Severozápadní'),
(19, 'New Orleans', 'Pelicans', 2002, 'Smoothie King Center', 18000, 'Monty Williams', 'http://www.nba.com/pelicans/', 'Západní', 'Jihozápadní'),
(20, 'New York', 'Knicks', 1946, 'Madison Square Garden', 19763, 'Derek Fisher', 'http://www.nba.com/knicks/', 'Východní', 'Atlantická'),
(21, 'Oklahoma City', 'Thunder', 1967, 'Chesapeake Energy Arena', 19599, 'Scott Brooks', 'http://www.nba.com/thunder/', 'Západní', 'Severozápadní'),
(22, 'Orlando', 'Magic', 1989, 'Amway Center', 17248, 'Jacque Vaughn', 'http://www.nba.com/magic/', 'Východní', 'Jihovýchodní'),
(23, 'Philadelphia', '76ers', 1939, 'Wells Fargo Center', 21600, 'Brett Brown', 'http://www.nba.com/sixers/', 'Východní', 'Atlantická'),
(24, 'Phoenix', 'Suns', 1968, 'US Airways Center', 18422, 'Jeff Hornacek', 'http://www.nba.com/suns/', 'Západní', 'Pacifická'),
(25, 'Portland', 'Trail Blazers', 1970, 'Rose Garden Arena', 19980, 'Terry Stotts', 'http://www.nba.com/blazers/', 'Západní', 'Severozápadní'),
(26, 'Sacramento', 'Kings', 1945, 'Sleep Train Arena', 17317, 'Mike MalonE', 'http://www.nba.com/kings/', 'Západní', 'Pacifická'),
(27, 'San Antonio', 'Spurs', 1967, 'AT&T Center', 18797, 'Gregg Popovich', 'http://www.nba.com/spurs/', 'Západní', 'Jihozápadní'),
(28, 'Toronto', 'Raptors', 1995, 'Air Canada Center', 19800, 'Dwane Casey', 'http://www.nba.com/raptors/', 'Východní', 'Atlantická'),
(29, 'Utah', 'Jazz', 1974, 'EnergySolutions Arena', 19911, 'Quin Snyder', 'http://www.nba.com/jazz/', 'Západní', 'Severozápadní'),
(30, 'Washington', 'Wizards', 1962, 'Verizon Center', 20173, 'Randy Wittman', 'http://www.nba.com/wizards/', 'Východní', 'Jihovýchodní');

--
-- Vypisuji data pro tabulku `uzivatel`
--

INSERT INTO `uzivatel` (`id_uzivatel`, `nick`, `heslo`, `email`, `datum_registrace`, `prava`) VALUES
(17, 'Dave', 'admin', 'thedejvo@gmail.com', '2014-11-26', 1);

/*!40101 SET CHARACTER_SET_CLIENT=@OLD_CHARACTER_SET_CLIENT */;
/*!40101 SET CHARACTER_SET_RESULTS=@OLD_CHARACTER_SET_RESULTS */;
/*!40101 SET COLLATION_CONNECTION=@OLD_COLLATION_CONNECTION */;
